{
    "vertices": [
        [
            0.0, 
            1.0, 
            1.618033988749895
        ], 
        [
            0.0, 
            -1.0, 
            1.618033988749895
        ], 
        [
            0.0, 
            1.0, 
            -1.618033988749895
        ], 
        [
            0.0, 
            -1.0, 
            -1.618033988749895
        ], 
        [
            1.0, 
            1.618033988749895, 
            0.0
        ], 
        [
            1.0, 
            -1.618033988749895, 
            0.0
        ], 
        [
            -1.0, 
            1.618033988749895, 
            0.0
        ], 
        [
            -1.0, 
            -1.618033988749895, 
            0.0
        ], 
        [
            1.618033988749895, 
            0.0, 
            1.0
        ], 
        [
            -1.618033988749895, 
            0.0, 
            1.0
        ], 
        [
            1.618033988749895, 
            0.0, 
            -1.0
        ], 
        [
            -1.618033988749895, 
            0.0, 
            -1.0
        ]
    ], 
    "faces": [
        [
            3, 
            12, 
            7
        ], 
        [
            7, 
            12, 
            10
        ], 
        [
            1, 
            7, 
            10
        ], 
        [
            1, 
            5, 
            7
        ], 
        [
            1, 
            9, 
            5
        ], 
        [
            5, 
            9, 
            11
        ], 
        [
            6, 
            11, 
            9
        ], 
        [
            3, 
            7, 
            5
        ], 
        [
            3, 
            4, 
            12
        ], 
        [
            4, 
            8, 
            12
        ], 
        [
            8, 
            10, 
            12
        ], 
        [
            2, 
            10, 
            8
        ], 
        [
            1, 
            10, 
            2
        ], 
        [
            1, 
            2, 
            9
        ], 
        [
            2, 
            6, 
            9
        ], 
        [
            2, 
            8, 
            6
        ], 
        [
            4, 
            6, 
            8
        ], 
        [
            4, 
            11, 
            6
        ], 
        [
            3, 
            11, 
            4
        ], 
        [
            3, 
            5, 
            11
        ]
    ]
}